LHD,Postcode,COVID Cases,RSV Cases,Influenza Cases,Date
Central Coast,2250,7,< 5,9,03/01/2026
Far West,2880,< 5,< 5,0,03/01/2026
Hunter New England,2300,28,11,33,03/01/2026
Illawarra Shoalhaven,2500,23,11,20,03/01/2026
Mid North Coast,2444,7,< 5,3,03/01/2026
Murrumbidgee,2650,10,8,11,03/01/2026
Nepean Blue Mountains,2750,23,7,25,03/01/2026
Northern NSW,2480,14,< 5,9,03/01/2026
Northern Sydney,2065,65,14,56,03/01/2026
South Eastern Sydney,2031,66,13,32,03/01/2026
South Western Sydney,2170,44,17,80,03/01/2026
Southern NSW,2580,8,< 5,7,03/01/2026
Sydney,2050,25,9,27,03/01/2026
Western NSW,2830,15,5,13,03/01/2026
Western Sydney,2145,123,20,83,03/01/2026
Central Coast,2250,5,< 5,7,10/01/2026
Far West,2880,< 5,< 5,1,10/01/2026
Hunter New England,2300,33,17,25,10/01/2026
Illawarra Shoalhaven,2500,43,10,26,10/01/2026
Mid North Coast,2444,6,5,4,10/01/2026
Murrumbidgee,2650,10,6,15,10/01/2026
Nepean Blue Mountains,2750,24,9,29,10/01/2026
Northern NSW,2480,11,< 5,9,10/01/2026
Northern Sydney,2065,54,14,51,10/01/2026
South Eastern Sydney,2031,63,11,37,10/01/2026
South Western Sydney,2170,62,16,54,10/01/2026
Southern NSW,2580,9,< 5,7,10/01/2026
Sydney,2050,29,8,28,10/01/2026
Western NSW,2830,10,< 5,11,10/01/2026
Western Sydney,2145,98,22,77,10/01/2026
Central Coast,2250,6,< 5,7,17/01/2026
Far West,2880,< 5,< 5,1,17/01/2026
Hunter New England,2300,38,13,26,17/01/2026
Illawarra Shoalhaven,2500,23,7,25,17/01/2026
Mid North Coast,2444,8,< 5,4,17/01/2026
Murrumbidgee,2650,7,7,14,17/01/2026
Nepean Blue Mountains,2750,30,10,32,17/01/2026
Northern NSW,2480,11,< 5,8,17/01/2026
Northern Sydney,2065,66,22,41,17/01/2026
South Eastern Sydney,2031,57,11,20,17/01/2026
South Western Sydney,2170,47,14,66,17/01/2026
Southern NSW,2580,9,< 5,7,17/01/2026
Sydney,2050,22,6,27,17/01/2026
Western NSW,2830,14,< 5,10,17/01/2026
Western Sydney,2145,74,21,86,17/01/2026
Central Coast,2250,6,< 5,9,24/01/2026
Far West,2880,< 5,< 5,0,24/01/2026
Hunter New England,2300,33,16,35,24/01/2026
Illawarra Shoalhaven,2500,23,6,28,24/01/2026
Mid North Coast,2444,7,< 5,3,24/01/2026
Murrumbidgee,2650,8,6,19,24/01/2026
Nepean Blue Mountains,2750,24,9,19,24/01/2026
Northern NSW,2480,14,< 5,9,24/01/2026
Northern Sydney,2065,51,20,49,24/01/2026
South Eastern Sydney,2031,42,12,36,24/01/2026
South Western Sydney,2170,65,20,63,24/01/2026
Southern NSW,2580,10,< 5,8,24/01/2026
Sydney,2050,24,6,18,24/01/2026
Western NSW,2830,14,6,7,24/01/2026
Western Sydney,2145,108,37,103,24/01/2026
Central Coast,2250,5,< 5,9,31/01/2026
Far West,2880,< 5,< 5,1,31/01/2026
Hunter New England,2300,38,15,42,31/01/2026
Illawarra Shoalhaven,2500,28,10,26,31/01/2026
Mid North Coast,2444,6,5,3,31/01/2026
Murrumbidgee,2650,8,15,13,31/01/2026
Nepean Blue Mountains,2750,28,9,31,31/01/2026
Northern NSW,2480,13,< 5,10,31/01/2026
Northern Sydney,2065,60,19,40,31/01/2026
South Eastern Sydney,2031,58,17,34,31/01/2026
South Western Sydney,2170,67,29,58,31/01/2026
Southern NSW,2580,9,< 5,8,31/01/2026
Sydney,2050,19,13,21,31/01/2026
Western NSW,2830,12,5,8,31/01/2026
Western Sydney,2145,124,30,111,31/01/2026
Central Coast,2250,6,< 5,7,07/02/2026
Far West,2880,< 5,< 5,0,07/02/2026
Hunter New England,2300,32,22,36,07/02/2026
Illawarra Shoalhaven,2500,30,12,27,07/02/2026
Mid North Coast,2444,7,5,4,07/02/2026
Murrumbidgee,2650,9,13,14,07/02/2026
Nepean Blue Mountains,2750,21,12,29,07/02/2026
Northern NSW,2480,13,6,9,07/02/2026
Northern Sydney,2065,80,23,42,07/02/2026
South Eastern Sydney,2031,83,28,24,07/02/2026
South Western Sydney,2170,47,34,73,07/02/2026
Southern NSW,2580,13,5,8,07/02/2026
Sydney,2050,24,10,29,07/02/2026
Western NSW,2830,11,9,6,07/02/2026
Western Sydney,2145,106,45,96,07/02/2026
Central Coast,2250,6,< 5,8,14/02/2026
Far West,2880,< 5,< 5,1,14/02/2026
Hunter New England,2300,33,26,41,14/02/2026
Illawarra Shoalhaven,2500,28,10,31,14/02/2026
Mid North Coast,2444,6,6,5,14/02/2026
Murrumbidgee,2650,8,17,11,14/02/2026
Nepean Blue Mountains,2750,23,19,26,14/02/2026
Northern NSW,2480,10,7,9,14/02/2026
Northern Sydney,2065,87,40,35,14/02/2026
South Eastern Sydney,2031,56,29,23,14/02/2026
South Western Sydney,2170,60,36,61,14/02/2026
Southern NSW,2580,13,5,7,14/02/2026
Sydney,2050,26,11,19,14/02/2026
Western NSW,2830,13,12,7,14/02/2026
Western Sydney,2145,105,43,86,14/02/2026
Central Coast,2250,< 5,5,9,21/02/2026
Far West,2880,< 5,< 5,1,21/02/2026
Hunter New England,2300,38,33,33,21/02/2026
Illawarra Shoalhaven,2500,24,18,25,21/02/2026
Mid North Coast,2444,8,6,4,21/02/2026
Murrumbidgee,2650,7,20,11,21/02/2026
Nepean Blue Mountains,2750,21,24,37,21/02/2026
Northern NSW,2480,16,8,10,21/02/2026
Northern Sydney,2065,47,43,44,21/02/2026
South Eastern Sydney,2031,56,38,34,21/02/2026
South Western Sydney,2170,56,49,70,21/02/2026
Southern NSW,2580,12,7,9,21/02/2026
Sydney,2050,18,19,22,21/02/2026
Western NSW,2830,11,12,11,21/02/2026
Western Sydney,2145,123,62,94,21/02/2026
Central Coast,2250,7,5,9,28/02/2026
Far West,2880,< 5,< 5,1,28/02/2026
Hunter New England,2300,37,45,35,28/02/2026
Illawarra Shoalhaven,2500,23,22,31,28/02/2026
Mid North Coast,2444,8,9,4,28/02/2026
Murrumbidgee,2650,7,25,12,28/02/2026
Nepean Blue Mountains,2750,26,28,33,28/02/2026
Northern NSW,2480,12,10,12,28/02/2026
Northern Sydney,2065,74,51,54,28/02/2026
South Eastern Sydney,2031,78,44,33,28/02/2026
South Western Sydney,2170,51,63,88,28/02/2026
Southern NSW,2580,12,12,8,28/02/2026
Sydney,2050,22,21,22,28/02/2026
Western NSW,2830,13,16,13,28/02/2026
Western Sydney,2145,148,68,126,28/02/2026
Central Coast,2250,7,5,8,07/03/2026
Far West,2880,< 5,< 5,1,07/03/2026
Hunter New England,2300,45,52,62,07/03/2026
Illawarra Shoalhaven,2500,33,24,28,07/03/2026
Mid North Coast,2444,8,14,6,07/03/2026
Murrumbidgee,2650,9,29,21,07/03/2026
Nepean Blue Mountains,2750,34,33,48,07/03/2026
Northern NSW,2480,9,14,14,07/03/2026
Northern Sydney,2065,96,68,60,07/03/2026
South Eastern Sydney,2031,68,32,43,07/03/2026
South Western Sydney,2170,61,84,105,07/03/2026
Southern NSW,2580,14,10,10,07/03/2026
Sydney,2050,29,22,25,07/03/2026
Western NSW,2830,14,13,11,07/03/2026
Western Sydney,2145,117,61,163,07/03/2026
Central Coast,2250,6,6,14,14/03/2026
Far West,2880,< 5,< 5,1,14/03/2026
Hunter New England,2300,43,74,71,14/03/2026
Illawarra Shoalhaven,2500,31,37,56,14/03/2026
Mid North Coast,2444,8,18,9,14/03/2026
Murrumbidgee,2650,7,30,19,14/03/2026
Nepean Blue Mountains,2750,31,29,42,14/03/2026
Northern NSW,2480,13,15,15,14/03/2026
Northern Sydney,2065,64,96,87,14/03/2026
South Eastern Sydney,2031,64,50,60,14/03/2026
South Western Sydney,2170,64,107,129,14/03/2026
Southern NSW,2580,14,10,17,14/03/2026
Sydney,2050,19,28,47,14/03/2026
Western NSW,2830,13,31,17,14/03/2026
Western Sydney,2145,95,114,154,14/03/2026
Central Coast,2250,7,10,19,21/03/2026
Far West,2880,< 5,< 5,1,21/03/2026
Hunter New England,2300,59,68,82,21/03/2026
Illawarra Shoalhaven,2500,24,48,60,21/03/2026
Mid North Coast,2444,11,18,6,21/03/2026
Murrumbidgee,2650,12,43,37,21/03/2026
Nepean Blue Mountains,2750,36,49,50,21/03/2026
Northern NSW,2480,16,15,24,21/03/2026
Northern Sydney,2065,76,69,135,21/03/2026
South Eastern Sydney,2031,95,57,61,21/03/2026
South Western Sydney,2170,79,89,231,21/03/2026
Southern NSW,2580,15,14,17,21/03/2026
Sydney,2050,25,37,54,21/03/2026
Western NSW,2830,15,24,28,21/03/2026
Western Sydney,2145,114,147,203,21/03/2026
Central Coast,2250,8,17,23,28/03/2026
Far West,2880,< 5,< 5,2,28/03/2026
Hunter New England,2300,43,72,134,28/03/2026
Illawarra Shoalhaven,2500,41,43,83,28/03/2026
Mid North Coast,2444,10,18,12,28/03/2026
Murrumbidgee,2650,10,45,51,28/03/2026
Nepean Blue Mountains,2750,26,47,94,28/03/2026
Northern NSW,2480,23,26,31,28/03/2026
Northern Sydney,2065,99,88,157,28/03/2026
South Eastern Sydney,2031,83,90,86,28/03/2026
South Western Sydney,2170,87,106,181,28/03/2026
Southern NSW,2580,13,15,16,28/03/2026
Sydney,2050,31,42,67,28/03/2026
Western NSW,2830,15,33,28,28/03/2026
Western Sydney,2145,127,108,234,28/03/2026
Central Coast,2250,7,14,23,04/04/2026
Far West,2880,< 5,< 5,2,04/04/2026
Hunter New England,2300,44,100,115,04/04/2026
Illawarra Shoalhaven,2500,39,56,130,04/04/2026
Mid North Coast,2444,11,25,13,04/04/2026
Murrumbidgee,2650,8,65,48,04/04/2026
Nepean Blue Mountains,2750,28,66,144,04/04/2026
Northern NSW,2480,15,22,41,04/04/2026
Northern Sydney,2065,72,85,151,04/04/2026
South Eastern Sydney,2031,89,113,118,04/04/2026
South Western Sydney,2170,61,168,268,04/04/2026
Southern NSW,2580,17,20,34,04/04/2026
Sydney,2050,21,56,88,04/04/2026
Western NSW,2830,13,27,33,04/04/2026
Western Sydney,2145,99,177,358,04/04/2026
Central Coast,2250,7,13,33,11/04/2026
Far West,2880,< 5,5,3,11/04/2026
Hunter New England,2300,40,129,162,11/04/2026
Illawarra Shoalhaven,2500,34,55,153,11/04/2026
Mid North Coast,2444,12,27,15,11/04/2026
Murrumbidgee,2650,10,52,87,11/04/2026
Nepean Blue Mountains,2750,31,82,140,11/04/2026
Northern NSW,2480,13,24,44,11/04/2026
Northern Sydney,2065,88,146,179,11/04/2026
South Eastern Sydney,2031,72,85,162,11/04/2026
South Western Sydney,2170,72,195,264,11/04/2026
Southern NSW,2580,12,24,40,11/04/2026
Sydney,2050,28,52,122,11/04/2026
Western NSW,2830,16,36,49,11/04/2026
Western Sydney,2145,162,193,524,11/04/2026
Central Coast,2250,6,23,39,18/04/2026
Far West,2880,< 5,6,3,18/04/2026
Hunter New England,2300,50,162,266,18/04/2026
Illawarra Shoalhaven,2500,35,60,157,18/04/2026
Mid North Coast,2444,9,34,24,18/04/2026
Murrumbidgee,2650,10,60,85,18/04/2026
Nepean Blue Mountains,2750,39,75,185,18/04/2026
Northern NSW,2480,26,23,55,18/04/2026
Northern Sydney,2065,83,140,229,18/04/2026
South Eastern Sydney,2031,91,108,239,18/04/2026
South Western Sydney,2170,88,219,451,18/04/2026
Southern NSW,2580,21,26,52,18/04/2026
Sydney,2050,31,59,168,18/04/2026
Western NSW,2830,16,33,62,18/04/2026
Western Sydney,2145,127,194,330,18/04/2026
Central Coast,2250,9,19,51,25/04/2026
Far West,2880,< 5,< 5,3,25/04/2026
Hunter New England,2300,58,167,381,25/04/2026
Illawarra Shoalhaven,2500,40,78,227,25/04/2026
Mid North Coast,2444,13,35,22,25/04/2026
Murrumbidgee,2650,11,83,124,25/04/2026
Nepean Blue Mountains,2750,39,78,180,25/04/2026
Northern NSW,2480,19,34,57,25/04/2026
Northern Sydney,2065,61,148,268,25/04/2026
South Eastern Sydney,2031,92,132,293,25/04/2026
South Western Sydney,2170,103,121,631,25/04/2026
Southern NSW,2580,10,29,54,25/04/2026
Sydney,2050,37,77,159,25/04/2026
Western NSW,2830,13,43,70,25/04/2026
Western Sydney,2145,166,250,723,25/04/2026
Central Coast,2250,9,21,83,02/05/2026
Far West,2880,< 5,6,5,02/05/2026
Hunter New England,2300,46,115,334,02/05/2026
Illawarra Shoalhaven,2500,35,93,185,02/05/2026
Mid North Coast,2444,12,34,35,02/05/2026
Murrumbidgee,2650,14,102,119,02/05/2026
Nepean Blue Mountains,2750,37,124,188,02/05/2026
Northern NSW,2480,18,31,98,02/05/2026
Northern Sydney,2065,95,160,392,02/05/2026
South Eastern Sydney,2031,102,120,275,02/05/2026
South Western Sydney,2170,55,194,777,02/05/2026
Southern NSW,2580,16,29,67,02/05/2026
Sydney,2050,26,81,182,02/05/2026
Western NSW,2830,18,50,77,02/05/2026
Western Sydney,2145,162,202,762,02/05/2026
Central Coast,2250,9,23,104,09/05/2026
Far West,2880,< 5,7,4,09/05/2026
Hunter New England,2300,54,183,540,09/05/2026
Illawarra Shoalhaven,2500,32,83,310,09/05/2026
Mid North Coast,2444,13,43,51,09/05/2026
Murrumbidgee,2650,9,90,175,09/05/2026
Nepean Blue Mountains,2750,43,120,274,09/05/2026
Northern NSW,2480,16,37,70,09/05/2026
Northern Sydney,2065,89,225,502,09/05/2026
South Eastern Sydney,2031,112,127,302,09/05/2026
South Western Sydney,2170,111,122,666,09/05/2026
Southern NSW,2580,15,37,73,09/05/2026
Sydney,2050,41,101,193,09/05/2026
Western NSW,2830,18,56,94,09/05/2026
Western Sydney,2145,152,325,661,09/05/2026
Central Coast,2250,7,23,104,16/05/2026
Far West,2880,< 5,7,4,16/05/2026
Hunter New England,2300,64,238,420,16/05/2026
Illawarra Shoalhaven,2500,44,66,345,16/05/2026
Mid North Coast,2444,12,36,48,16/05/2026
Murrumbidgee,2650,9,83,146,16/05/2026
Nepean Blue Mountains,2750,39,107,438,16/05/2026
Northern NSW,2480,17,47,112,16/05/2026
Northern Sydney,2065,112,208,564,16/05/2026
South Eastern Sydney,2031,115,135,565,16/05/2026
South Western Sydney,2170,88,268,833,16/05/2026
Southern NSW,2580,22,45,78,16/05/2026
Sydney,2050,37,85,330,16/05/2026
Western NSW,2830,18,74,120,16/05/2026
Western Sydney,2145,221,412,1247,16/05/2026
Central Coast,2250,12,24,118,23/05/2026
Far West,2880,< 5,6,10,23/05/2026
Hunter New England,2300,56,196,572,23/05/2026
Illawarra Shoalhaven,2500,33,116,289,23/05/2026
Mid North Coast,2444,12,54,46,23/05/2026
Murrumbidgee,2650,13,98,223,23/05/2026
Nepean Blue Mountains,2750,40,74,275,23/05/2026
Northern NSW,2480,27,47,130,23/05/2026
Northern Sydney,2065,142,205,650,23/05/2026
South Eastern Sydney,2031,99,189,477,23/05/2026
South Western Sydney,2170,122,251,1266,23/05/2026
Southern NSW,2580,15,35,135,23/05/2026
Sydney,2050,44,92,285,23/05/2026
Western NSW,2830,14,66,124,23/05/2026
Western Sydney,2145,153,281,1336,23/05/2026
Central Coast,2250,10,20,136,30/05/2026
Far West,2880,< 5,7,5,30/05/2026
Hunter New England,2300,53,185,591,30/05/2026
Illawarra Shoalhaven,2500,47,82,557,30/05/2026
Mid North Coast,2444,15,61,44,30/05/2026
Murrumbidgee,2650,13,95,208,30/05/2026
Nepean Blue Mountains,2750,52,132,398,30/05/2026
Northern NSW,2480,20,58,183,30/05/2026
Northern Sydney,2065,112,295,731,30/05/2026
South Eastern Sydney,2031,111,143,519,30/05/2026
South Western Sydney,2170,88,262,1122,30/05/2026
Southern NSW,2580,27,40,108,30/05/2026
Sydney,2050,45,80,270,30/05/2026
Western NSW,2830,24,67,196,30/05/2026
Western Sydney,2145,153,364,1641,30/05/2026
Central Coast,2250,9,29,134,06/06/2026
Far West,2880,< 5,10,10,06/06/2026
Hunter New England,2300,71,222,509,06/06/2026
Illawarra Shoalhaven,2500,34,115,429,06/06/2026
Mid North Coast,2444,20,41,54,06/06/2026
Murrumbidgee,2650,14,152,245,06/06/2026
Nepean Blue Mountains,2750,38,154,343,06/06/2026
Northern NSW,2480,19,53,174,06/06/2026
Northern Sydney,2065,95,202,771,06/06/2026
South Eastern Sydney,2031,81,214,439,06/06/2026
South Western Sydney,2170,83,262,1507,06/06/2026
Southern NSW,2580,15,43,118,06/06/2026
Sydney,2050,39,133,375,06/06/2026
Western NSW,2830,24,66,201,06/06/2026
Western Sydney,2145,186,493,1335,06/06/2026
Central Coast,2250,14,27,144,13/06/2026
Far West,2880,< 5,6,11,13/06/2026
Hunter New England,2300,62,196,776,13/06/2026
Illawarra Shoalhaven,2500,44,159,601,13/06/2026
Mid North Coast,2444,12,56,53,13/06/2026
Murrumbidgee,2650,15,130,307,13/06/2026
Nepean Blue Mountains,2750,44,172,539,13/06/2026
Northern NSW,2480,20,48,160,13/06/2026
Northern Sydney,2065,111,199,755,13/06/2026
South Eastern Sydney,2031,114,181,671,13/06/2026
South Western Sydney,2170,99,348,1163,13/06/2026
Southern NSW,2580,29,54,130,13/06/2026
Sydney,2050,41,81,432,13/06/2026
Western NSW,2830,24,97,228,13/06/2026
Western Sydney,2145,208,399,2740,13/06/2026
Central Coast,2250,10,35,139,20/06/2026
Far West,2880,< 5,8,10,20/06/2026
Hunter New England,2300,66,244,942,20/06/2026
Illawarra Shoalhaven,2500,45,116,530,20/06/2026
Mid North Coast,2444,15,44,106,20/06/2026
Murrumbidgee,2650,13,140,304,20/06/2026
Nepean Blue Mountains,2750,58,126,666,20/06/2026
Northern NSW,2480,29,49,158,20/06/2026
Northern Sydney,2065,108,403,1266,20/06/2026
South Eastern Sydney,2031,116,207,546,20/06/2026
South Western Sydney,2170,123,264,1912,20/06/2026
Southern NSW,2580,22,53,211,20/06/2026
Sydney,2050,28,109,537,20/06/2026
Western NSW,2830,23,61,290,20/06/2026
Western Sydney,2145,181,359,2046,20/06/2026
Central Coast,2250,8,26,165,27/06/2026
Far West,2880,< 5,9,8,27/06/2026
Hunter New England,2300,77,217,820,27/06/2026
Illawarra Shoalhaven,2500,64,94,724,27/06/2026
Mid North Coast,2444,13,64,81,27/06/2026
Murrumbidgee,2650,16,118,308,27/06/2026
Nepean Blue Mountains,2750,45,127,481,27/06/2026
Northern NSW,2480,20,47,190,27/06/2026
Northern Sydney,2065,126,236,1186,27/06/2026
South Eastern Sydney,2031,97,239,612,27/06/2026
South Western Sydney,2170,101,335,1897,27/06/2026
Southern NSW,2580,21,38,187,27/06/2026
Sydney,2050,30,89,586,27/06/2026
Western NSW,2830,18,84,283,27/06/2026
Western Sydney,2145,153,335,1995,27/06/2026
Central Coast,2250,9,20,261,04/07/2026
Far West,2880,< 5,6,13,04/07/2026
Hunter New England,2300,77,277,866,04/07/2026
Illawarra Shoalhaven,2500,38,89,798,04/07/2026
Mid North Coast,2444,16,61,73,04/07/2026
Murrumbidgee,2650,12,100,370,04/07/2026
Nepean Blue Mountains,2750,50,130,582,04/07/2026
Northern NSW,2480,25,58,230,04/07/2026
Northern Sydney,2065,82,227,869,04/07/2026
South Eastern Sydney,2031,91,159,545,04/07/2026
South Western Sydney,2170,66,304,1786,04/07/2026
Southern NSW,2580,23,44,156,04/07/2026
Sydney,2050,32,110,447,04/07/2026
Western NSW,2830,23,47,287,04/07/2026
Western Sydney,2145,208,404,2909,04/07/2026
Central Coast,2250,7,27,208,11/07/2026
Far West,2880,< 5,8,9,11/07/2026
Hunter New England,2300,59,231,1156,11/07/2026
Illawarra Shoalhaven,2500,36,140,557,11/07/2026
Mid North Coast,2444,15,49,71,11/07/2026
Murrumbidgee,2650,14,134,385,11/07/2026
Nepean Blue Mountains,2750,40,161,816,11/07/2026
Northern NSW,2480,23,50,234,11/07/2026
Northern Sydney,2065,86,215,891,11/07/2026
South Eastern Sydney,2031,104,151,647,11/07/2026
South Western Sydney,2170,115,288,1459,11/07/2026
Southern NSW,2580,31,32,170,11/07/2026
Sydney,2050,36,116,452,11/07/2026
Western NSW,2830,19,56,244,11/07/2026
Western Sydney,2145,206,374,2550,11/07/2026
Central Coast,2250,12,36,169,18/07/2026
Far West,2880,< 5,6,9,18/07/2026
Hunter New England,2300,57,179,726,18/07/2026
Illawarra Shoalhaven,2500,41,109,496,18/07/2026
Mid North Coast,2444,17,59,75,18/07/2026
Murrumbidgee,2650,12,141,262,18/07/2026
Nepean Blue Mountains,2750,63,108,639,18/07/2026
Northern NSW,2480,23,45,226,18/07/2026
Northern Sydney,2065,73,231,954,18/07/2026
South Eastern Sydney,2031,84,183,725,18/07/2026
South Western Sydney,2170,76,284,1653,18/07/2026
Southern NSW,2580,25,34,189,18/07/2026
Sydney,2050,46,73,497,18/07/2026
Western NSW,2830,33,69,222,18/07/2026
Western Sydney,2145,268,415,2660,18/07/2026
Central Coast,2250,9,23,164,25/07/2026
Far West,2880,< 5,6,11,25/07/2026
Hunter New England,2300,66,218,690,25/07/2026
Illawarra Shoalhaven,2500,38,116,634,25/07/2026
Mid North Coast,2444,8,44,85,25/07/2026
Murrumbidgee,2650,11,112,370,25/07/2026
Nepean Blue Mountains,2750,29,125,517,25/07/2026
Northern NSW,2480,19,54,205,25/07/2026
Northern Sydney,2065,118,261,1060,25/07/2026
South Eastern Sydney,2031,111,135,545,25/07/2026
South Western Sydney,2170,85,255,1739,25/07/2026
Southern NSW,2580,14,39,201,25/07/2026
Sydney,2050,28,91,422,25/07/2026
Western NSW,2830,20,60,346,25/07/2026
Western Sydney,2145,177,270,2808,25/07/2026
Central Coast,2250,9,20,150,01/08/2026
Far West,2880,< 5,5,13,01/08/2026
Hunter New England,2300,61,219,787,01/08/2026
Illawarra Shoalhaven,2500,41,117,741,01/08/2026
Mid North Coast,2444,12,40,70,01/08/2026
Murrumbidgee,2650,15,95,370,01/08/2026
Nepean Blue Mountains,2750,36,103,499,01/08/2026
Northern NSW,2480,25,45,219,01/08/2026
Northern Sydney,2065,105,246,1295,01/08/2026
South Eastern Sydney,2031,109,135,595,01/08/2026
South Western Sydney,2170,81,194,1738,01/08/2026
Southern NSW,2580,26,42,126,01/08/2026
Sydney,2050,36,65,504,01/08/2026
Western NSW,2830,25,100,199,01/08/2026
Western Sydney,2145,190,408,1536,01/08/2026
Central Coast,2250,12,18,181,08/08/2026
Far West,2880,< 5,6,11,08/08/2026
Hunter New England,2300,44,156,688,08/08/2026
Illawarra Shoalhaven,2500,49,92,574,08/08/2026
Mid North Coast,2444,11,38,115,08/08/2026
Murrumbidgee,2650,15,108,276,08/08/2026
Nepean Blue Mountains,2750,36,119,424,08/08/2026
Northern NSW,2480,29,38,263,08/08/2026
Northern Sydney,2065,93,222,1195,08/08/2026
South Eastern Sydney,2031,87,141,664,08/08/2026
South Western Sydney,2170,71,252,1568,08/08/2026
Southern NSW,2580,22,41,191,08/08/2026
Sydney,2050,30,108,539,08/08/2026
Western NSW,2830,16,86,193,08/08/2026
Western Sydney,2145,163,292,2905,08/08/2026
Central Coast,2250,7,17,172,15/08/2026
Far West,2880,< 5,5,12,15/08/2026
Hunter New England,2300,76,148,1033,15/08/2026
Illawarra Shoalhaven,2500,52,81,521,15/08/2026
Mid North Coast,2444,13,38,71,15/08/2026
Murrumbidgee,2650,9,77,322,15/08/2026
Nepean Blue Mountains,2750,57,79,665,15/08/2026
Northern NSW,2480,21,29,171,15/08/2026
Northern Sydney,2065,90,177,1145,15/08/2026
South Eastern Sydney,2031,102,137,510,15/08/2026
South Western Sydney,2170,78,233,1459,15/08/2026
Southern NSW,2580,15,30,148,15/08/2026
Sydney,2050,28,71,474,15/08/2026
Western NSW,2830,17,38,175,15/08/2026
Western Sydney,2145,137,326,1918,15/08/2026
Central Coast,2250,10,18,115,22/08/2026
Far West,2880,< 5,6,9,22/08/2026
Hunter New England,2300,60,96,801,22/08/2026
Illawarra Shoalhaven,2500,60,66,594,22/08/2026
Mid North Coast,2444,12,33,66,22/08/2026
Murrumbidgee,2650,11,86,221,22/08/2026
Nepean Blue Mountains,2750,45,102,473,22/08/2026
Northern NSW,2480,18,38,196,22/08/2026
Northern Sydney,2065,91,130,1074,22/08/2026
South Eastern Sydney,2031,121,97,477,22/08/2026
South Western Sydney,2170,81,182,1467,22/08/2026
Southern NSW,2580,23,23,127,22/08/2026
Sydney,2050,48,53,329,22/08/2026
Western NSW,2830,19,38,199,22/08/2026
Western Sydney,2145,178,233,2008,22/08/2026
Central Coast,2250,6,14,150,29/08/2026
Far West,2880,< 5,< 5,9,29/08/2026
Hunter New England,2300,67,155,596,29/08/2026
Illawarra Shoalhaven,2500,38,41,304,29/08/2026
Mid North Coast,2444,12,33,74,29/08/2026
Murrumbidgee,2650,14,60,334,29/08/2026
Nepean Blue Mountains,2750,39,79,601,29/08/2026
Northern NSW,2480,16,33,240,29/08/2026
Northern Sydney,2065,84,161,990,29/08/2026
South Eastern Sydney,2031,118,102,473,29/08/2026
South Western Sydney,2170,85,192,1675,29/08/2026
Southern NSW,2580,16,28,123,29/08/2026
Sydney,2050,37,56,326,29/08/2026
Western NSW,2830,23,40,190,29/08/2026
Western Sydney,2145,201,189,2070,29/08/2026
Central Coast,2250,9,14,134,05/09/2026
Far West,2880,< 5,5,8,05/09/2026
Hunter New England,2300,58,122,682,05/09/2026
Illawarra Shoalhaven,2500,43,63,456,05/09/2026
Mid North Coast,2444,13,29,64,05/09/2026
Murrumbidgee,2650,13,61,243,05/09/2026
Nepean Blue Mountains,2750,43,62,497,05/09/2026
Northern NSW,2480,18,25,157,05/09/2026
Northern Sydney,2065,89,121,749,05/09/2026
South Eastern Sydney,2031,94,103,522,05/09/2026
South Western Sydney,2170,94,167,1230,05/09/2026
Southern NSW,2580,20,23,122,05/09/2026
Sydney,2050,36,57,376,05/09/2026
Western NSW,2830,21,38,163,05/09/2026
Western Sydney,2145,175,209,1680,05/09/2026
Central Coast,2250,9,14,102,12/09/2026
Far West,2880,< 5,< 5,7,12/09/2026
Hunter New England,2300,55,98,512,12/09/2026
Illawarra Shoalhaven,2500,41,55,398,12/09/2026
Mid North Coast,2444,12,24,55,12/09/2026
Murrumbidgee,2650,12,52,198,12/09/2026
Nepean Blue Mountains,2750,37,80,357,12/09/2026
Northern NSW,2480,22,27,148,12/09/2026
Northern Sydney,2065,102,132,638,12/09/2026
South Eastern Sydney,2031,95,80,418,12/09/2026
South Western Sydney,2170,89,116,1000,12/09/2026
Southern NSW,2580,18,21,104,12/09/2026
Sydney,2050,34,49,315,12/09/2026
Western NSW,2830,19,31,138,12/09/2026
Western Sydney,2145,158,189,1324,12/09/2026
